Date,TSLA,AAPL,SQ
2016-01-04,44.68199920654297,24.36453628540039,12.15999984741211
2016-01-05,44.68600082397461,23.753976821899414,11.510000228881836
2016-01-06,43.80799865722656,23.28911590576172,11.520000457763672
2016-01-07,43.130001068115234,22.30620765686035,11.15999984741211
2016-01-08,42.20000076293945,22.42415428161621,11.3100004196167
2016-01-11,41.56999969482422,22.78725814819336,11.84000015258789
2016-01-12,41.99399948120117,23.11797523498535,12.09000015258789
2016-01-13,40.0620002746582,22.523605346679688,11.609999656677246
2016-01-14,41.236000061035156,23.016216278076172,10.819999694824219
2016-01-15,40.99800109863281,22.463472366333008,10.270000457763672
2016-01-19,40.944000244140625,22.354780197143555,9.470000267028809
2016-01-20,39.7400016784668,22.384841918945312,9.489999771118164
2016-01-21,39.99399948120117,22.271520614624023,10.020000457763672
2016-01-22,40.5099983215332,23.45563316345215,9.850000381469727
2016-01-25,39.2760009765625,22.997716903686523,9.8100004196167
2016-01-26,38.71200180053711,23.124914169311523,9.539999961853027
2016-01-27,37.61399841308594,21.605453491210938,9.050000190734863
2016-01-28,37.939998626708984,21.76041030883789,8.739999771118164
2016-01-29,38.2400016784668,22.512041091918945,8.770000457763672
2016-02-01,39.38800048828125,22.30158233642578,8.760000228881836
2016-02-02,36.555999755859375,21.850603103637695,8.470000267028809
2016-02-03,34.69599914550781,22.283084869384766,8.430000305175781
2016-02-04,35.066001892089844,22.462125778198242,8.899999618530273
2016-02-05,32.52000045776367,21.86220932006836,8.630000114440918
2016-02-08,29.597999572753906,22.092409133911133,8.369999885559082
2016-02-09,29.649999618530273,22.087757110595703,8.619999885559082
2016-02-10,28.733999252319336,21.920339584350586,8.880000114440918
2016-02-11,30.0939998626709,21.787796020507812,8.619999885559082
2016-02-12,30.20800018310547,21.85523223876953,9.300000190734863
2016-02-16,31.034000396728516,22.47142791748047,9.930000305175781
2016-02-17,33.736000061035156,22.81556510925293,9.84000015258789
2016-02-18,33.354000091552734,22.38306999206543,9.979999542236328
2016-02-19,33.316001892089844,22.33191680908203,9.970000267028809
2016-02-22,35.54800033569336,22.527231216430664,10.380000114440918
2016-02-23,35.44200134277344,22.018001556396484,9.710000038146973
2016-02-24,35.79999923706055,22.345863342285156,9.890000343322754
2016-02-25,37.486000061035156,22.499330520629883,10.260000228881836
2016-02-26,38.06800079345703,22.534208297729492,10.319999694824219
2016-02-29,38.38600158691406,22.483057022094727,10.4399995803833
2016-03-01,37.27000045776367,23.37596321105957,10.720000267028809
2016-03-02,37.667999267578125,23.42711639404297,11.970000267028809
2016-03-03,39.14799880981445,23.601511001586914,12.25
2016-03-04,40.20800018310547,23.952627182006836,12.010000228881836
2016-03-07,41.05799865722656,23.687551498413086,12.260000228881836
2016-03-08,40.52000045776367,23.492223739624023,11.479999542236328
2016-03-09,41.74399948120117,23.513154983520508,12.029999732971191
2016-03-10,41.0359992980957,23.5247745513916,11.300000190734863
2016-03-11,41.5,23.778234481811523,11.100000381469727
2016-03-14,43.029998779296875,23.838687896728516,11.609999656677246
2016-03-15,43.667999267578125,24.31770133972168,11.949999809265137
2016-03-16,44.38600158691406,24.640911102294922,11.869999885559082
2016-03-17,45.2760009765625,24.60137939453125,11.949999809265137
2016-03-18,46.54800033569336,24.629283905029297,12.039999961853027
2016-03-21,47.66400146484375,24.6269588470459,13.399999618530273
2016-03-22,46.847999572753906,24.8153018951416,13.0600004196167
2016-03-23,44.51599884033203,24.678110122680664,12.59000015258789
2016-03-24,45.54999923706055,24.571147918701172,12.880000114440918
2016-03-28,46.051998138427734,24.45953369140625,13.399999618530273
2016-03-29,46.0260009765625,25.03852653503418,13.739999771118164
2016-03-30,45.37799835205078,25.475679397583008,15.020000457763672
2016-03-31,45.95399856567383,25.343137741088867,15.279999732971191
2016-04-01,47.518001556396484,25.575666427612305,14.220000267028809
2016-04-04,49.39799880981445,25.838420867919922,14.279999732971191
2016-04-05,51.09400177001953,25.533809661865234,14.260000228881836
2016-04-06,53.08399963378906,25.80121612548828,14.970000267028809
2016-04-07,51.439998626708984,25.238500595092773,14.8100004196167
2016-04-08,50.013999938964844,25.266407012939453,15.130000114440918
2016-04-11,49.98400115966797,25.350114822387695,15.359999656677246
2016-04-12,49.56399917602539,25.68030548095703,15.479999542236328
2016-04-13,50.90599822998047,26.052345275878906,15.010000228881836
2016-04-14,50.37200164794922,26.06629753112793,14.819999694824219
2016-04-15,50.902000427246094,25.54311180114746,14.329999923706055
2016-04-18,50.7760009765625,24.992023468017578,14.510000228881836
2016-04-19,49.4739990234375,24.85948371887207,14.09000015258789
2016-04-20,49.99399948120117,24.910642623901367,13.630000114440918
2016-04-21,49.65800094604492,24.640911102294922,13.239999771118164
2016-04-22,50.75,24.57347869873047,13.34000015258789
2016-04-25,50.36399841308594,24.4339599609375,13.59000015258789
2016-04-26,50.74800109863281,24.264211654663086,14.180000305175781
2016-04-27,50.29399871826172,22.745811462402344,14.6899995803833
2016-04-28,49.54199981689453,22.05055809020996,15.350000381469727
2016-04-29,48.152000427246094,21.797100067138672,14.890000343322754
2016-05-02,48.36000061035156,21.773847579956055,14.0
2016-05-03,46.4640007019043,22.13193702697754,13.449999809265137
2016-05-04,44.512001037597656,21.90174102783203,13.390000343322754
2016-05-05,42.305999755859375,21.81283950805664,13.050000190734863
2016-05-06,42.986000061035156,21.69118881225586,10.220000267028809
2016-05-09,41.784000396728516,21.707569122314453,9.850000381469727
2016-05-10,41.737998962402344,21.854948043823242,10.0
2016-05-11,41.79199981689453,21.642059326171875,9.680000305175781
2016-05-12,41.45600128173828,21.134403228759766,9.279999732971191
2016-05-13,41.52199935913086,21.176513671875,9.359999656677246
2016-05-16,41.65800094604492,21.962560653686523,9.15999984741211
2016-05-17,40.93199920654297,21.871320724487305,9.180000305175781
2016-05-18,42.23400115966797,22.12164306640625,9.399999618530273
2016-05-19,43.04199981689453,22.03742790222168,9.600000381469727
2016-05-20,44.055999755859375,22.276042938232422,9.390000343322754
2016-05-23,43.24399948120117,22.55911636352539,9.460000038146973
2016-05-24,43.582000732421875,22.90301513671875,10.140000343322754
2016-05-25,43.91600036621094,23.305397033691406,10.0
2016-05-26,45.02399826049805,23.49021339416504,9.75
2016-05-27,44.608001708984375,23.476171493530273,9.630000114440918
2016-05-31,44.645999908447266,23.361541748046875,9.529999732971191
2016-06-01,43.9119987487793,23.03402328491211,9.600000381469727
2016-06-02,43.79199981689453,22.860904693603516,9.649999618530273
2016-06-03,43.79800033569336,22.907691955566406,9.460000038146973
2016-06-06,44.13600158691406,23.073789596557617,9.510000228881836
2016-06-07,46.46799850463867,23.167369842529297,9.569999694824219
2016-06-08,47.104000091552734,23.146316528320312,9.550000190734863
2016-06-09,45.87200164794922,23.31241226196289,9.34000015258789
2016-06-10,43.757999420166016,23.12057876586914,9.140000343322754
2016-06-13,43.57400131225586,22.772001266479492,8.920000076293945
2016-06-14,42.992000579833984,22.80007553100586,8.890000343322754
2016-06-15,43.540000915527344,22.725215911865234,9.0600004196167
2016-06-16,43.58599853515625,22.821134567260742,9.050000190734863
2016-06-17,43.09400177001953,22.30178451538086,9.039999961853027
2016-06-20,43.939998626708984,22.24797821044922,9.199999809265137
2016-06-21,43.922000885009766,22.437467575073242,9.350000381469727
2016-06-22,39.332000732421875,22.353246688842773,8.779999732971191
2016-06-23,39.279998779296875,22.481914520263672,9.130000114440918
2016-06-24,38.630001068115234,21.850271224975586,8.770000457763672
2016-06-27,39.709999084472656,21.5321102142334,8.619999885559082
2016-06-28,40.358001708984375,21.89472198486328,8.899999618530273
2016-06-29,42.03799819946289,22.084213256835938,9.300000190734863
2016-06-30,42.45600128173828,22.364946365356445,9.050000190734863
2016-07-01,43.29999923706055,22.432790756225586,9.270000457763672
2016-07-05,42.79600143432617,22.222238540649414,8.9399995803833
2016-07-06,42.88800048828125,22.348569869995117,9.0
2016-07-07,43.1879997253418,22.444482803344727,9.079999923706055
2016-07-08,43.35599899291992,22.617603302001953,9.300000190734863
2016-07-11,44.95600128173828,22.687780380249023,9.239999771118164
2016-07-12,44.93000030517578,22.790721893310547,9.399999618530273
2016-07-13,44.50600051879883,22.662050247192383,9.289999961853027
2016-07-14,44.305999755859375,23.111225128173828,9.369999885559082
2016-07-15,44.08000183105469,23.108884811401367,9.170000076293945
2016-07-18,45.25,23.354522705078125,9.270000457763672
2016-07-19,45.051998138427734,23.363882064819336,9.350000381469727
2016-07-20,45.672000885009766,23.38494300842285,9.579999923706055
2016-07-21,44.099998474121094,23.260948181152344,9.460000038146973
2016-07-22,44.45399856567383,23.080814361572266,9.729999542236328
2016-07-25,46.00199890136719,22.772001266479492,9.850000381469727
2016-07-26,45.902000427246094,22.61526107788086,10.100000381469727
2016-07-27,45.698001861572266,24.084423065185547,10.130000114440918
2016-07-28,46.12200164794922,24.409603118896484,10.119999885559082
2016-07-29,46.95800018310547,24.379188537597656,10.069999694824219
2016-08-01,46.00199890136719,24.809646606445312,10.1899995803833
2016-08-02,45.439998626708984,24.442359924316406,10.050000190734863
2016-08-03,45.15800094604492,24.748821258544922,10.4399995803833
2016-08-04,46.12200164794922,24.901708602905273,11.319999694824219
2016-08-05,46.00600051879883,25.280399322509766,11.149999618530273
2016-08-08,45.231998443603516,25.489734649658203,11.260000228881836
2016-08-09,45.816001892089844,25.593223571777344,11.300000190734863
2016-08-10,45.130001068115234,25.402708053588867,11.069999694824219
2016-08-11,44.981998443603516,25.38624382019043,11.369999885559082
2016-08-12,45.12200164794922,25.445039749145508,11.65999984741211
2016-08-15,45.11800003051758,25.750818252563477,11.479999542236328
2016-08-16,44.72200012207031,25.727296829223633,11.640000343322754
2016-08-17,44.64799880981445,25.689666748046875,11.399999618530273
2016-08-18,44.70199966430664,25.656736373901367,11.75
2016-08-19,45.0,25.72259521484375,11.800000190734863
2016-08-22,44.58599853515625,25.52266502380371,11.819999694824219
2016-08-23,44.96799850463867,25.60263442993164,12.390000343322754
2016-08-24,44.52399826049805,25.409765243530273,12.15999984741211
2016-08-25,44.19200134277344,25.301565170288086,12.3100004196167
2016-08-26,43.99800109863281,25.153379440307617,12.039999961853027
2016-08-29,43.040000915527344,25.12516212463379,12.010000228881836
2016-08-30,42.268001556396484,24.932287216186523,12.069999694824219
2016-08-31,42.402000427246094,24.955808639526367,12.1899995803833
2016-09-01,40.15399932861328,25.103992462158203,12.0
2016-09-02,39.555999755859375,25.339200973510742,12.050000190734863
2016-09-06,40.566001892089844,25.332143783569336,11.829999923706055
2016-09-07,40.34199905395508,25.487382888793945,11.930000305175781
2016-09-08,39.47200012207031,24.81938362121582,11.779999732971191
2016-09-09,38.89400100708008,24.257230758666992,11.270000457763672
2016-09-12,39.65999984741211,24.800569534301758,11.329999923706055
2016-09-13,39.209999084472656,25.390945434570312,11.229999542236328
2016-09-14,39.28200149536133,26.289451599121094,11.279999732971191
2016-09-15,40.08399963378906,27.18324851989746,11.380000114440918
2016-09-16,41.08000183105469,27.030363082885742,11.369999885559082
2016-09-19,41.268001556396484,26.715181350708008,11.550000190734863
2016-09-20,40.928001403808594,26.712825775146484,11.65999984741211
2016-09-21,41.04399871826172,26.70812225341797,11.899999618530273
2016-09-22,41.2859992980957,26.95979881286621,11.680000305175781
2016-09-23,41.4900016784668,26.510547637939453,11.829999923706055
2016-09-26,41.79800033569336,26.550533294677734,11.550000190734863
2016-09-27,41.1619987487793,26.599924087524414,11.779999732971191
2016-09-28,41.25400161743164,26.802207946777344,11.829999923706055
2016-09-29,40.13999938964844,26.38588523864746,11.640000343322754
2016-09-30,40.805999755859375,26.590518951416016,11.65999984741211
2016-10-03,42.7400016784668,26.465856552124023,11.670000076293945
2016-10-04,42.28200149536133,26.57875633239746,11.630000114440918
2016-10-05,41.69200134277344,26.590518951416016,11.6899995803833
2016-10-06,40.20000076293945,26.78809356689453,11.520000457763672
2016-10-07,39.321998596191406,26.828075408935547,11.479999542236328
2016-10-10,40.189998626708984,27.296154022216797,11.470000267028809
2016-10-11,40.02000045776367,27.35495376586914,11.180000305175781
2016-10-12,40.301998138427734,27.599573135375977,11.270000457763672
2016-10-13,40.04800033569336,27.514896392822266,11.1899995803833
2016-10-14,39.301998138427734,27.66777992248535,11.119999885559082
2016-10-17,38.79199981689453,27.64896583557129,10.930000305175781
2016-10-18,39.81999969482422,27.630149841308594,11.34000015258789
2016-10-19,40.71200180053711,27.547821044921875,11.300000190734863
2016-10-20,39.81999969482422,27.53371238708496,11.1899995803833
2016-10-21,40.018001556396484,27.42551612854004,11.319999694824219
2016-10-24,40.551998138427734,27.6724910736084,11.350000381469727
2016-10-25,40.46799850463867,27.813613891601562,11.069999694824219
2016-10-26,40.448001861572266,27.187952041625977,11.210000038146973
2016-10-27,40.801998138427734,26.926868438720703,11.149999618530273
2016-10-28,39.99399948120117,26.74810791015625,11.140000343322754
2016-10-31,39.54600143432617,26.705768585205078,11.199999809265137
2016-11-01,38.15800094604492,26.22359275817871,11.069999694824219
2016-11-02,37.604000091552734,26.24711036682129,11.779999732971191
2016-11-03,37.48400115966797,25.965776443481445,11.989999771118164
2016-11-04,38.11199951171875,25.731719970703125,12.180000305175781
2016-11-07,38.641998291015625,26.1028995513916,12.220000267028809
2016-11-08,38.987998962402344,26.256563186645508,12.34000015258789
2016-11-09,38.012001037597656,26.214012145996094,12.0
2016-11-10,37.06999969482422,25.483482360839844,11.649999618530273
2016-11-11,37.71200180053711,25.634788513183594,11.880000114440918
2016-11-14,36.290000915527344,24.991735458374023,12.350000381469727
2016-11-15,36.75400161743164,25.322717666625977,12.029999732971191
2016-11-16,36.7859992980957,26.003602981567383,12.039999961853027
2016-11-17,37.731998443603516,25.9941463470459,12.220000267028809
2016-11-18,37.00400161743164,26.0201473236084,12.15999984741211
2016-11-21,36.90399932861328,26.41497230529785,12.220000267028809
2016-11-22,38.23400115966797,26.4315185546875,12.460000038146973
2016-11-23,38.62799835205078,26.29676055908203,12.430000305175781
2016-11-25,39.33000183105469,26.42915153503418,12.75
2016-11-28,39.2239990234375,26.377140045166016,12.529999732971191
2016-11-29,37.91400146484375,26.351133346557617,12.460000038146973
2016-11-30,37.880001068115234,26.128902435302734,12.9399995803833
2016-12-01,36.375999450683594,25.885395050048828,12.710000038146973
2016-12-02,36.29399871826172,25.982322692871094,13.0600004196167
2016-12-05,37.36000061035156,25.79555320739746,13.199999809265137
2016-12-06,37.16999816894531,25.9941463470459,13.270000457763672
2016-12-07,38.630001068115234,26.249473571777344,14.119999885559082
2016-12-08,38.45800018310547,26.50717544555664,13.9399995803833
2016-12-09,38.43600082397461,26.939817428588867,13.890000343322754
2016-12-12,38.486000061035156,26.786144256591797,13.850000381469727
2016-12-13,39.630001068115234,27.23297691345215,14.069999694824219
2016-12-14,39.737998962402344,27.23297691345215,13.829999923706055
2016-12-15,39.51599884033203,27.38191795349121,14.130000114440918
2016-12-16,40.49800109863281,27.417383193969727,14.380000114440918
2016-12-19,40.54600143432617,27.57577896118164,14.359999656677246
2016-12-20,41.757999420166016,27.649070739746094,14.479999542236328
2016-12-21,41.540000915527344,27.675073623657227,14.380000114440918
2016-12-22,41.689998626708984,27.4930362701416,14.050000190734863
2016-12-23,42.667999267578125,27.54741096496582,14.069999694824219
2016-12-27,43.90599822998047,27.722362518310547,14.0
2016-12-28,43.948001861572266,27.60415267944336,13.949999809265137
2016-12-29,42.93600082397461,27.597061157226562,13.729999542236328
2016-12-30,42.737998962402344,27.38191795349121,13.630000114440918
2017-01-03,43.39799880981445,27.459938049316406,13.8100004196167
2017-01-04,45.39799880981445,27.429203033447266,14.25
2017-01-05,45.349998474121094,27.56869125366211,14.5600004196167
2017-01-06,45.801998138427734,27.87602996826172,15.0
2017-01-09,46.25600051879883,28.13136100769043,15.0600004196167
2017-01-10,45.9739990234375,28.159732818603516,14.90999984741211
2017-01-11,45.94599914550781,28.311038970947266,14.899999618530273
2017-01-12,45.917999267578125,28.19283103942871,14.739999771118164
2017-01-13,47.54999923706055,28.1431884765625,14.75
2017-01-17,47.11600112915039,28.370149612426758,14.6899995803833
2017-01-18,47.672000885009766,28.367780685424805,14.640000343322754
2017-01-19,48.75199890136719,28.31813621520996,14.729999542236328
2017-01-20,48.94599914550781,28.370149612426758,14.890000343322754
2017-01-23,49.784000396728516,28.389057159423828,14.609999656677246
2017-01-24,50.922000885009766,28.363052368164062,14.65999984741211
2017-01-25,50.89400100708008,28.81460952758789,14.600000381469727
2017-01-26,50.50199890136719,28.82879638671875,14.40999984741211
2017-01-27,50.59000015258789,28.831159591674805,14.529999732971191
2017-01-30,50.125999450683594,28.75550651550293,14.449999809265137
2017-01-31,50.38600158691406,28.689308166503906,14.619999885559082
2017-02-01,49.847999572753906,30.438798904418945,14.359999656677246
2017-02-02,50.310001373291016,30.386791229248047,14.359999656677246
2017-02-03,50.26599884033203,30.516820907592773,14.279999732971191
2017-02-06,51.55400085449219,30.802886962890625,14.399999618530273
2017-02-07,51.49599838256836,31.096044540405273,14.399999618530273
2017-02-08,52.41600036621094,31.216611862182617,14.470000267028809
2017-02-09,53.84000015258789,31.442188262939453,14.729999542236328
2017-02-10,53.84600067138672,31.370946884155273,14.609999656677246
2017-02-13,56.119998931884766,31.648761749267578,14.5
2017-02-14,56.19599914550781,32.05954360961914,14.329999923706055
2017-02-15,55.95199966430664,32.17588424682617,14.3100004196167
2017-02-16,53.790000915527344,32.13789367675781,13.890000343322754
2017-02-17,54.44599914550781,32.22575378417969,14.470000267028809
2017-02-21,55.47800064086914,32.45844650268555,14.630000114440918
2017-02-22,54.70199966430664,32.55579376220703,15.039999961853027
2017-02-23,51.198001861572266,32.41807556152344,17.149999618530273
2017-02-24,51.400001525878906,32.44894790649414,17.43000030517578
2017-02-27,49.24599838256836,32.51305389404297,17.93000030517578
2017-02-28,49.99800109863281,32.52730178833008,17.31999969482422
2017-03-01,50.00400161743164,33.192142486572266,17.219999313354492
2017-03-02,50.09600067138672,32.99506378173828,16.989999771118164
2017-03-03,50.31399917602539,33.189762115478516,16.889999389648438
2017-03-06,50.242000579833984,33.085289001464844,16.860000610351562
2017-03-07,49.71799850463867,33.128028869628906,16.760000228881836
2017-03-08,49.374000549316406,33.00456237792969,16.829999923706055
2017-03-09,48.97999954223633,32.9285774230957,17.06999969482422
2017-03-10,48.737998962402344,33.03779602050781,16.90999984741211
2017-03-13,49.23400115966797,33.05204391479492,16.93000030517578
2017-03-14,51.599998474121094,33.00218200683594,16.770000457763672
2017-03-15,51.145999908447266,33.351226806640625,16.950000762939453
2017-03-16,52.40999984741211,33.40584182739258,17.209999084472656
2017-03-17,52.29999923706055,33.2396354675293,17.280000686645508
2017-03-20,52.38399887084961,33.58867645263672,17.239999771118164
2017-03-21,50.13600158691406,33.204002380371094,16.510000228881836
2017-03-22,51.00199890136719,33.57917022705078,16.40999984741211
2017-03-23,50.95600128173828,33.46044921875,16.610000610351562
2017-03-24,52.63199996948242,33.39396286010742,16.59000015258789
2017-03-27,54.04399871826172,33.450958251953125,17.25
2017-03-28,55.4900016784668,34.144287109375,17.229999542236328
2017-03-29,55.47600173950195,34.22026443481445,17.219999313354492
2017-03-30,55.58399963378906,34.17515563964844,17.31999969482422
2017-03-31,55.65999984741211,34.11104202270508,17.280000686645508
2017-04-03,59.70399856567383,34.120540618896484,17.030000686645508
2017-04-04,60.7400016784668,34.37460708618164,17.040000915527344
2017-04-05,59.0,34.1965217590332,16.75
2017-04-06,59.7400016784668,34.11104202270508,17.0
2017-04-07,60.507999420166016,34.03506088256836,16.690000534057617
2017-04-10,62.47800064086914,33.99470138549805,16.989999771118164
2017-04-11,61.742000579833984,33.62904357910156,16.920000076293945
2017-04-12,59.36800003051758,33.669403076171875,17.299999237060547
2017-04-13,60.79999923706055,33.49132537841797,16.920000076293945
2017-04-17,60.28799819946289,33.67652130126953,17.079999923706055
2017-04-18,60.04999923706055,33.52694320678711,16.979999542236328
2017-04-19,61.104000091552734,33.40346145629883,17.200000762939453
2017-04-20,60.50199890136719,33.82136917114258,17.709999084472656
2017-04-21,61.119998931884766,33.78099822998047,17.489999771118164
2017-04-24,61.60599899291992,34.10629653930664,17.850000381469727
2017-04-25,62.757999420166016,34.31761932373047,18.219999313354492
2017-04-26,62.034000396728516,34.115787506103516,18.079999923706055
2017-04-27,61.72600173950195,34.141902923583984,18.229999542236328
2017-04-28,62.81399917602539,34.108673095703125,18.239999771118164
2017-05-01,64.56600189208984,34.80437088012695,18.610000610351562
2017-05-02,63.77799987792969,35.02519989013672,18.809999465942383
2017-05-03,62.20399856567383,34.91835021972656,18.280000686645508
2017-05-04,59.09199905395508,34.792503356933594,19.899999618530273
2017-05-05,61.66999816894531,35.36949157714844,19.780000686645508
2017-05-08,61.4379997253418,36.331138610839844,19.559999465942383
2017-05-09,64.25199890136719,36.5638313293457,19.799999237060547
2017-05-10,65.04399871826172,36.39049530029297,19.950000762939453
2017-05-11,64.62000274658203,36.70520782470703,19.709999084472656
2017-05-12,64.96199798583984,37.21782302856445,20.079999923706055
2017-05-15,63.17599868774414,37.12245178222656,20.25
2017-05-16,63.402000427246094,37.06761932373047,20.34000015258789
2017-05-17,61.22200012207031,35.82304763793945,19.559999465942383
2017-05-18,62.61199951171875,36.36903762817383,19.68000030517578
2017-05-19,62.16600036621094,36.493019104003906,19.90999984741211
2017-05-22,62.06999969482422,36.714752197265625,20.950000762939453
2017-05-23,60.77199935913086,36.66944885253906,21.639999389648438
2017-05-24,62.04399871826172,36.55977249145508,21.920000076293945
2017-05-25,63.36600112915039,36.68613815307617,22.329999923706055
2017-05-26,65.02799987792969,36.624149322509766,22.329999923706055
2017-05-30,67.0199966430664,36.638450622558594,22.739999771118164
2017-05-31,68.2020034790039,36.42148971557617,22.989999771118164
2017-06-01,68.0739974975586,36.52162551879883,23.229999542236328
2017-06-02,67.97000122070312,37.06284713745117,23.200000762939453
2017-06-05,69.46399688720703,36.70044708251953,23.389999389648438
2017-06-06,70.56999969482422,36.82441711425781,24.209999084472656
2017-06-07,71.93000030517578,37.04376983642578,24.290000915527344
2017-06-08,74.0,36.95317077636719,24.780000686645508
2017-06-09,71.46399688720703,35.52024459838867,23.030000686645508
2017-06-12,71.802001953125,34.67146301269531,23.600000381469727
2017-06-13,75.19000244140625,34.95042037963867,23.479999542236328
2017-06-14,76.13200378417969,34.609474182128906,23.469999313354492
2017-06-15,75.06800079345703,34.402042388916016,23.989999771118164
2017-06-16,74.27999877929688,33.92043685913086,23.559999465942383
2017-06-19,73.95999908447266,34.89081573486328,24.200000762939453
2017-06-20,74.447998046875,34.57372283935547,23.850000381469727
2017-06-21,75.27999877929688,34.77875518798828,24.15999984741211
2017-06-22,76.52200317382812,34.72153854370117,24.280000686645508
2017-06-23,76.69000244140625,34.87650680541992,24.170000076293945
2017-06-26,75.49800109863281,34.76683807373047,23.93000030517578
2017-06-27,72.4739990234375,34.268524169921875,23.31999969482422
2017-06-28,74.24800109863281,34.76921844482422,24.299999237060547
2017-06-29,72.1500015258789,34.25660705566406,23.399999618530273
2017-06-30,72.3219985961914,34.337669372558594,23.459999084472656
2017-07-03,70.52400207519531,34.21369552612305,22.829999923706055
2017-07-05,65.41799926757812,34.35436248779297,23.760000228881836
2017-07-06,61.76599884033203,34.03010559082031,23.219999313354492
2017-07-07,62.64400100708008,34.37580871582031,23.59000015258789
2017-07-10,63.209999084472656,34.58562469482422,23.940000534057617
2017-07-11,65.44400024414062,34.697689056396484,25.440000534057617
2017-07-12,65.90399932861328,34.747764587402344,26.209999084472656
2017-07-13,64.68199920654297,35.23176193237305,25.979999542236328
2017-07-14,65.55599975585938,35.5345573425293,26.329999923706055
2017-07-17,63.91400146484375,35.65853500366211,26.190000534057617
2017-07-18,65.64800262451172,35.78252410888672,26.59000015258789
2017-07-19,65.052001953125,36.006629943847656,26.360000610351562
2017-07-20,65.98400115966797,35.844505310058594,26.389999389648438
2017-07-21,65.68000030517578,35.82781219482422,26.850000381469727
2017-07-24,68.50399780273438,36.261749267578125,26.75
2017-07-25,67.91999816894531,36.416725158691406,26.889999389648438
2017-07-26,68.7699966430664,36.58838653564453,27.309999465942383
2017-07-27,66.89199829101562,35.8969612121582,25.920000076293945
2017-07-28,67.01399993896484,35.64423370361328,26.200000762939453
2017-07-31,64.69400024414062,35.46064376831055,26.350000381469727
2017-08-01,63.91400146484375,35.77537155151367,26.809999465942383
2017-08-02,65.1780014038086,37.46577453613281,26.459999084472656
2017-08-03,69.41799926757812,37.09145736694336,25.219999313354492
2017-08-04,71.38200378417969,37.286964416503906,25.209999084472656
2017-08-07,71.03399658203125,37.863948822021484,25.68000030517578
2017-08-08,73.04399871826172,38.166751861572266,26.020000457763672
2017-08-09,72.70600128173828,38.40039825439453,25.59000015258789
2017-08-10,71.08000183105469,37.17727279663086,24.649999618530273
2017-08-11,71.5739974975586,37.69429397583008,24.81999969482422
2017-08-14,72.76000213623047,38.26156997680664,25.200000762939453
2017-08-15,72.46600341796875,38.680450439453125,24.829999923706055
2017-08-16,72.58200073242188,38.52486801147461,24.989999771118164
2017-08-17,70.38400268554688,37.785247802734375,24.540000915527344
2017-08-18,69.49199676513672,37.69907760620117,24.829999923706055
2017-08-21,67.5719985961914,37.629669189453125,24.459999084472656
2017-08-22,68.2699966430664,38.244815826416016,25.34000015258789
2017-08-23,70.55400085449219,38.292686462402344,25.479999542236328
2017-08-24,70.58599853515625,38.12274932861328,25.65999984741211
2017-08-25,69.61000061035156,38.26397705078125,24.989999771118164
2017-08-28,69.13200378417969,38.64932632446289,24.90999984741211
2017-08-29,69.47200012207031,38.99401092529297,25.040000915527344
2017-08-30,70.63600158691406,39.099334716796875,25.760000228881836
2017-08-31,71.18000030517578,39.25491714477539,26.110000610351562
2017-09-01,71.08000183105469,39.266883850097656,25.93000030517578
2017-09-05,69.91799926757812,38.795345306396484,25.770000457763672
2017-09-06,68.90599822998047,38.7546501159668,26.049999237060547
2017-09-07,70.12200164794922,38.59906768798828,26.299999237060547
2017-09-08,68.68000030517578,37.96955871582031,26.530000686645508
2017-09-11,72.73799896240234,38.656517028808594,27.56999969482422
2017-09-12,72.55000305175781,38.503326416015625,27.270000457763672
2017-09-13,73.24600219726562,38.21370315551758,27.489999771118164
2017-09-14,75.52799987792969,37.885780334472656,28.639999389648438
2017-09-15,75.96199798583984,38.26875686645508,28.5
2017-09-18,77.0,37.9791259765625,28.690000534057617
2017-09-19,75.0199966430664,37.99348831176758,28.559999465942383
2017-09-20,74.78199768066406,37.35679244995117,28.469999313354492
2017-09-21,73.2959976196289,36.71530532836914,28.399999618530273
2017-09-22,70.21800231933594,36.35627746582031,28.75
2017-09-25,68.99800109863281,36.0355339050293,27.450000762939453
2017-09-26,69.05000305175781,36.65547561645508,27.610000610351562
2017-09-27,68.19400024414062,36.916378021240234,28.06999969482422
2017-09-28,67.91999816894531,36.688987731933594,28.489999771118164
2017-09-29,68.22000122070312,36.89004135131836,28.809999465942383
2017-10-02,68.30599975585938,36.81584167480469,29.389999389648438
2017-10-03,69.62799835205078,36.97621536254883,29.940000534057617
2017-10-04,71.00199890136719,36.73685836791992,30.149999618530273
2017-10-05,71.06600189208984,37.19403076171875,30.760000228881836
2017-10-06,71.3759994506836,37.172481536865234,30.760000228881836
2017-10-09,68.58799743652344,37.30173873901367,31.06999969482422
2017-10-10,71.11799621582031,37.316097259521484,31.31999969482422
2017-10-11,70.91999816894531,37.47169494628906,32.0
2017-10-12,71.13600158691406,37.34003829956055,32.810001373291016
2017-10-13,71.11399841308594,37.57701110839844,32.810001373291016
2017-10-16,70.12000274658203,38.26875686645508,33.220001220703125
2017-10-17,71.1500015258789,38.40998077392578,32.689998626708984
2017-10-18,71.93000030517578,38.24003219604492,32.52000045776367
2017-10-19,70.36199951171875,37.33525466918945,32.119998931884766
2017-10-20,69.0199966430664,37.39987564086914,32.5
2017-10-23,67.40399932861328,37.38072967529297,32.529998779296875
2017-10-24,67.46800231933594,37.60333251953125,32.709999084472656
2017-10-25,65.16799926757812,37.438175201416016,32.900001525878906
2017-10-26,65.23400115966797,37.67753601074219,34.11000061035156
2017-10-27,64.17400360107422,39.027523040771484,35.20000076293945
2017-10-30,64.01599884033203,39.905975341796875,35.75
2017-10-31,66.30599975585938,40.46128463745117,37.189998626708984
2017-11-01,64.21600341796875,39.946659088134766,36.470001220703125
2017-11-02,59.85200119018555,40.238677978515625,36.06999969482422
2017-11-03,61.21799850463867,41.28947067260742,36.88999938964844
2017-11-06,60.555999755859375,41.708343505859375,37.18000030517578
2017-11-07,61.209999084472656,41.842384338378906,36.7599983215332
2017-11-08,60.87799835205078,42.184669494628906,36.709999084472656
2017-11-09,60.597999572753906,42.09850311279297,37.959999084472656
2017-11-10,60.597999572753906,41.959171295166016,39.209999084472656
2017-11-13,63.08000183105469,41.79102325439453,39.97999954223633
2017-11-14,61.7400016784668,41.159244537353516,39.7400016784668
2017-11-15,62.2599983215332,40.61635208129883,40.65999984741211
2017-11-16,62.5,41.101593017578125,41.900001525878906
2017-11-17,63.0099983215332,40.873390197753906,44.18000030517578
2017-11-20,61.74800109863281,40.83254623413086,45.209999084472656
2017-11-21,63.5620002746582,41.59164047241211,48.060001373291016
2017-11-22,62.52000045776367,42.028839111328125,48.810001373291016
2017-11-24,63.11000061035156,42.03124237060547,48.86000061035156
2017-11-27,63.36199951171875,41.81984329223633,41.02000045776367
2017-11-28,63.5099983215332,41.5748291015625,42.54999923706055
2017-11-29,61.507999420166016,40.712432861328125,39.130001068115234
2017-11-30,61.77000045776367,41.28175735473633,39.220001220703125
2017-12-01,61.305999755859375,41.08958435058594,38.220001220703125
2017-12-04,61.040000915527344,40.789306640625,36.869998931884766
2017-12-05,60.7400016784668,40.75086975097656,37.599998474121094
2017-12-06,62.652000427246094,40.59952926635742,37.61000061035156
2017-12-07,62.24800109863281,40.67400360107422,38.72999954223633
2017-12-08,63.0260009765625,40.68600845336914,38.09000015258789
2017-12-11,65.78199768066406,41.478736877441406,38.29999923706055
2017-12-12,68.20600128173828,41.245723724365234,38.08000183105469
2017-12-13,67.80599975585938,41.382652282714844,36.189998626708984
2017-12-14,67.5780029296875,41.37063980102539,37.0099983215332
2017-12-15,68.69000244140625,41.79102325439453,37.029998779296875
2017-12-18,67.77400207519531,42.37956619262695,37.75
2017-12-19,66.22000122070312,41.927947998046875,36.91999816894531
2017-12-20,65.7959976196289,41.88230514526367,35.65999984741211
2017-12-21,66.33200073242188,42.04085159301758,35.869998931884766
2017-12-22,65.04000091552734,42.04085159301758,35.13999938964844
2017-12-26,63.45800018310547,40.974273681640625,35.04999923706055
2017-12-27,62.327999114990234,40.981483459472656,35.75
2017-12-28,63.071998596191406,41.09678649902344,35.130001068115234
2017-12-29,62.27000045776367,40.652374267578125,34.66999816894531
2018-01-02,64.10600280761719,41.3802375793457,36.16999816894531
2018-01-03,63.45000076293945,41.37303161621094,37.310001373291016
2018-01-04,62.92399978637695,41.565216064453125,38.099998474121094
2018-01-05,63.316001892089844,42.0384521484375,41.13999938964844
2018-01-08,67.28199768066406,41.88230514526367,40.7599983215332
2018-01-09,66.73799896240234,41.877506256103516,40.880001068115234
2018-01-10,66.95999908447266,41.867889404296875,40.84000015258789
2018-01-11,67.58999633789062,42.105709075927734,42.29999923706055
2018-01-12,67.24400329589844,42.54050064086914,41.25
2018-01-16,68.01200103759766,42.324310302734375,39.31999969482422
2018-01-17,69.43199920654297,43.02334976196289,40.060001373291016
2018-01-18,68.91400146484375,43.06178665161133,40.27000045776367
2018-01-19,70.00399780273438,42.86960983276367,42.560001373291016
2018-01-22,70.31199645996094,42.51889419555664,45.290000915527344
2018-01-23,70.55799865722656,42.52849578857422,45.0099983215332
2018-01-24,69.1780014038086,41.85107421875,44.31999969482422
2018-01-25,67.52799987792969,41.1039924621582,45.119998931884766
2018-01-26,68.56999969482422,41.20008087158203,45.970001220703125
2018-01-29,69.90599822998047,40.34729766845703,45.43000030517578
2018-01-30,69.16400146484375,40.10948181152344,45.52000045776367
2018-01-31,70.86199951171875,40.21998977661133,46.90999984741211
2018-02-01,69.8499984741211,40.3040657043457,44.45000076293945
2018-02-02,68.75,38.55526351928711,43.61000061035156
2018-02-05,66.6259994506836,37.59197998046875,41.02000045776367
2018-02-06,66.79399871826172,39.16301727294922,41.61000061035156
2018-02-07,69.0,38.324649810791016,41.66999816894531
2018-02-08,63.04600143432617,37.270084381103516,39.5
2018-02-09,62.08399963378906,37.7259521484375,39.56999969482422
2018-02-12,63.145999908447266,39.245506286621094,39.91999816894531
2018-02-13,64.73200225830078,39.63865661621094,42.11000061035156
2018-02-14,64.46199798583984,40.36949157714844,41.849998474121094
2018-02-15,66.81400299072266,41.72503662109375,44.290000915527344
2018-02-16,67.0979995727539,41.589962005615234,44.11000061035156
2018-02-20,66.9540023803711,41.450069427490234,44.93000030517578
2018-02-21,66.66000366210938,41.26193618774414,44.099998474121094
2018-02-22,69.23400115966797,41.606849670410156,44.900001525878906
2018-02-23,70.41000366210938,42.33045196533203,44.86000061035156
2018-02-26,71.48400115966797,43.16740417480469,46.54999923706055
2018-02-27,70.197998046875,43.02751541137695,45.90999984741211
2018-02-28,68.61199951171875,42.962379455566406,46.04999923706055
2018-03-01,66.18599700927734,42.20984649658203,46.0099983215332
2018-03-02,67.02400207519531,42.5016975402832,46.02000045776367
2018-03-05,66.66999816894531,42.648826599121094,50.41999816894531
2018-03-06,65.63999938964844,42.61265563964844,49.599998474121094
2018-03-07,66.45999908447266,42.21707534790039,50.720001220703125
2018-03-08,65.81999969482422,42.677764892578125,52.25
2018-03-09,65.43399810791016,43.411014556884766,52.4900016784668
2018-03-12,69.10199737548828,43.83069610595703,53.189998626708984
2018-03-13,68.36799621582031,43.40860366821289,51.83000183105469
2018-03-14,65.32599639892578,43.03956604003906,54.61000061035156
2018-03-15,65.12000274658203,43.0902214050293,54.84000015258789
2018-03-16,64.2699966430664,42.938262939453125,54.88999938964844
2018-03-19,62.71200180053711,42.28219985961914,54.58000183105469
2018-03-20,62.11000061035156,42.267730712890625,57.689998626708984
2018-03-21,63.305999755859375,41.31017303466797,57.09000015258789
2018-03-22,61.81999969482422,40.72646713256836,55.15999984741211
2018-03-23,60.30799865722656,39.78337860107422,51.66999816894531
2018-03-26,60.83599853515625,41.67197036743164,53.54999923706055
2018-03-27,55.83599853515625,40.60345458984375,51.060001373291016
2018-03-28,51.555999755859375,40.15482711791992,47.38999938964844
2018-03-29,53.22600173950195,40.46839141845703,49.20000076293945
2018-04-02,50.49599838256836,40.20307159423828,47.68000030517578
2018-04-03,53.50600051879883,40.61552047729492,47.58000183105469
2018-04-04,57.38800048828125,41.39217758178711,47.66999816894531
2018-04-05,61.14400100708008,41.679203033447266,48.02000045776367
2018-04-06,59.86000061035156,40.61310577392578,45.869998931884766
2018-04-09,57.93199920654297,41.015907287597656,45.88999938964844
2018-04-10,60.939998626708984,41.787750244140625,47.79999923706055
2018-04-11,60.18600082397461,41.592369079589844,47.7599983215332
2018-04-12,58.816001892089844,42.00241470336914,49.689998626708984
2018-04-13,60.06800079345703,42.14472198486328,47.5
2018-04-16,58.242000579833984,42.40762710571289,47.029998779296875
2018-04-17,57.53799819946289,42.9913215637207,49.130001068115234
2018-04-18,58.66999816894531,42.89484405517578,51.380001068115234
2018-04-19,60.01599884033203,41.679203033447266,50.630001068115234
2018-04-20,58.04800033569336,39.97152328491211,51.459999084472656
2018-04-23,56.67399978637695,39.85573959350586,50.349998474121094
2018-04-24,56.69200134277344,39.30098342895508,46.0099983215332
2018-04-25,56.13800048828125,39.47222900390625,44.75
2018-04-26,57.09600067138672,39.60972213745117,46.7400016784668
2018-04-27,58.816001892089844,39.15144348144531,47.56999969482422
2018-04-30,58.779998779296875,39.860565185546875,47.34000015258789
2018-05-01,59.98400115966797,40.78676986694336,48.20000076293945
2018-05-02,60.22999954223633,42.588531494140625,48.65999984741211
2018-05-03,56.88999938964844,42.665706634521484,49.209999084472656
2018-05-04,58.81800079345703,44.33962631225586,49.099998474121094
2018-05-07,60.55400085449219,44.660423278808594,51.119998931884766
2018-05-08,60.39400100708008,44.87510299682617,53.31999969482422
2018-05-09,61.369998931884766,45.19106674194336,54.2599983215332
2018-05-10,61.00400161743164,45.83747482299805,54.650001525878906
2018-05-11,60.21200180053711,45.663143157958984,54.72999954223633
2018-05-14,58.39400100708008,45.55660629272461,54.279998779296875
2018-05-15,56.83599853515625,45.1425666809082,54.650001525878906
2018-05-16,57.29600143432617,45.563873291015625,56.59000015258789
2018-05-17,56.90800094604492,45.27573776245117,54.81999969482422
2018-05-18,55.36399841308594,45.11109161376953,55.040000915527344
2018-05-21,56.89799880981445,45.43070602416992,56.38999938964844
2018-05-22,55.00199890136719,45.3169059753418,54.630001068115234
2018-05-23,55.81399917602539,45.607460021972656,55.09000015258789
2018-05-24,55.56999969482422,45.55660629272461,55.54999923706055
2018-05-25,55.77000045776367,45.660728454589844,55.77000045776367
2018-05-29,56.75199890136719,45.49606704711914,56.91999816894531
2018-05-30,58.34400177001953,45.39921569824219,57.90999984741211
2018-05-31,56.94599914550781,45.24667739868164,58.25
2018-06-01,58.36399841308594,46.06266784667969,59.40999984741211
2018-06-04,59.347999572753906,46.4476432800293,61.20000076293945
2018-06-05,58.22600173950195,46.805992126464844,61.56999969482422
2018-06-06,63.900001525878906,46.96821975708008,62.720001220703125
2018-06-07,63.21799850463867,46.842308044433594,60.66999816894531
2018-06-08,63.53200149536133,46.41617202758789,61.779998779296875
2018-06-11,66.41999816894531,46.302371978759766,61.290000915527344
2018-06-12,68.55400085449219,46.55659866333008,63.209999084472656
2018-06-13,68.95600128173828,46.174034118652344,62.5
2018-06-14,71.54399871826172,46.19824981689453,63.880001068115234
2018-06-15,71.63400268554688,45.72367477416992,64.4800033569336
2018-06-18,74.16600036621094,45.69945526123047,66.19999694824219
2018-06-19,70.51000213623047,44.960968017578125,65.95999908447266
2018-06-20,72.44400024414062,45.15709686279297,67.58999633789062
2018-06-21,69.50199890136719,44.90528869628906,67.0999984741211
2018-06-22,66.72599792480469,44.77452850341797,65.75
2018-06-25,66.60199737548828,44.10867691040039,61.88999938964844
2018-06-26,68.4000015258789,44.6558837890625,62.54999923706055
2018-06-27,68.9000015258789,44.59050750732422,60.09000015258789
2018-06-28,69.98600006103516,44.91497039794922,61.54999923706055
2018-06-29,68.58999633789062,44.82053756713867,61.63999938964844
2018-07-02,67.01399993896484,45.32175064086914,63.13999938964844
2018-07-03,62.172000885009766,44.53240203857422,61.75
2018-07-05,61.832000732421875,44.8907470703125,64.1500015258789
2018-07-06,61.779998779296875,45.513023376464844,66.44000244140625
2018-07-09,63.70199966430664,46.14497756958008,66.4800033569336
2018-07-10,64.49400329589844,46.08929443359375,64.76000213623047
2018-07-11,63.79199981689453,45.491233825683594,65.33000183105469
2018-07-12,63.34199905395508,46.25394058227539,67.27999877929688
2018-07-13,63.77399826049805,46.32658386230469,66.97000122070312
2018-07-16,62.02000045776367,46.22488784790039,66.94999694824219
2018-07-17,64.53800201416016,46.35564041137695,68.33000183105469
2018-07-18,64.7699966430664,46.10139846801758,68.29000091552734
2018-07-19,64.0459976196289,46.45975112915039,70.31999969482422
2018-07-20,62.715999603271484,46.353214263916016,70.41000366210938
2018-07-23,60.63999938964844,46.39436721801758,71.5999984741211
2018-07-24,59.486000061035156,46.73093032836914,69.36000061035156
2018-07-25,61.74800109863281,47.17160415649414,72.52999877929688
2018-07-26,61.33000183105469,47.023902893066406,71.98999786376953
2018-07-27,59.43600082397461,46.2418327331543,69.8499984741211
2018-07-30,58.034000396728516,45.982749938964844,65.62000274658203
2018-07-31,59.62799835205078,46.07476043701172,64.6500015258789
2018-08-01,60.167999267578125,48.78902816772461,66.86000061035156
2018-08-02,69.90799713134766,50.215171813964844,72.6500015258789
2018-08-03,69.63400268554688,50.36044692993164,68.36000061035156
2018-08-06,68.39800262451172,50.62195587158203,70.91999816894531
2018-08-07,75.91400146484375,50.14737319946289,71.0
2018-08-08,74.06800079345703,50.181278228759766,70.81999969482422
2018-08-09,70.48999786376953,50.57594299316406,69.37999725341797
2018-08-10,71.0979995727539,50.425296783447266,70.5999984741211
2018-08-13,71.28199768066406,50.750892639160156,72.37000274658203
2018-08-14,69.52799987792969,50.964717864990234,74.97000122070312
2018-08-15,67.73799896240234,51.08377456665039,72.23999786376953
2018-08-16,67.08999633789062,51.83214569091797,72.76000213623047
2018-08-17,61.099998474121094,52.86723709106445,72.9000015258789
2018-08-20,61.6879997253418,52.352115631103516,74.26000213623047
2018-08-21,64.37999725341797,52.25006103515625,75.19000244140625
2018-08-22,64.3280029296875,52.25249481201172,76.44000244140625
2018-08-23,64.0199966430664,52.359405517578125,77.12000274658203
2018-08-24,64.56400299072266,52.52220916748047,78.18000030517578
2018-08-27,63.854000091552734,52.954708099365234,78.25
2018-08-28,62.37200164794922,53.382347106933594,80.80000305175781
2018-08-29,61.00199890136719,54.17931365966797,85.69999694824219
2018-08-30,60.630001068115234,54.67742156982422,87.76000213623047
2018-08-31,60.332000732421875,55.309165954589844,88.63999938964844
2018-09-04,57.790000915527344,55.486541748046875,91.25
2018-09-05,56.14799880981445,55.12450408935547,87.19999694824219
2018-09-06,56.189998626708984,54.208473205566406,88.54000091552734
2018-09-07,52.64799880981445,53.771114349365234,89.97000122070312
2018-09-10,57.099998474121094,53.049461364746094,89.38999938964844
2018-09-11,55.88800048828125,54.390708923339844,92.27999877929688
2018-09-12,58.108001708984375,53.71522903442383,90.44000244140625
2018-09-13,57.891998291015625,55.01272964477539,90.22000122070312
2018-09-14,59.040000915527344,54.38827896118164,90.81999969482422
2018-09-17,58.96799850463867,52.94013214111328,86.86000061035156
2018-09-18,56.992000579833984,53.02759552001953,87.98999786376953
2018-09-19,59.80400085449219,53.05918884277344,84.80000305175781
2018-09-20,59.66600036621094,53.462528228759766,86.51000213623047
2018-09-21,59.81999969482422,52.88667297363281,85.30000305175781
2018-09-24,59.93600082397461,53.64719009399414,86.04000091552734
2018-09-25,60.198001861572266,53.987361907958984,95.3499984741211
2018-09-26,61.91600036621094,53.55729675292969,94.6500015258789
2018-09-27,61.50400161743164,54.65797805786133,97.95999908447266
2018-09-28,52.95399856567383,54.849937438964844,99.01000213623047
2018-10-01,62.13999938964844,55.219261169433594,97.27999877929688
2018-10-02,60.20399856567383,55.710079193115234,97.83000183105469
2018-10-03,58.959999084472656,56.38798522949219,96.95999908447266
2018-10-04,56.36600112915039,55.39664077758789,94.48999786376953
2018-10-05,52.38999938964844,54.49761962890625,94.11000061035156
2018-10-08,50.11199951171875,54.37127685546875,86.05999755859375
2018-10-09,52.560001373291016,55.12450408935547,86.16999816894531
2018-10-10,51.375999450683594,52.570804595947266,77.44999694824219
2018-10-11,50.44599914550781,52.106712341308594,69.02999877929688
2018-10-12,51.75600051879883,53.967926025390625,73.97000122070312
2018-10-15,51.917999267578125,52.813777923583984,73.7699966430664
2018-10-16,55.31800079345703,53.97764587402344,78.72000122070312
2018-10-17,54.35599899291992,53.744380950927734,78.05000305175781
2018-10-18,52.78200149536133,52.48818588256836,74.95999908447266
2018-10-19,52.0,53.28758239746094,74.06999969482422
2018-10-22,52.189998626708984,53.613182067871094,75.72000122070312
2018-10-23,58.827999114990234,54.118568420410156,74.1500015258789
2018-10-24,57.70000076293945,52.26221466064453,69.33999633789062
2018-10-25,62.97200012207031,53.40664291381836,73.48999786376953
2018-10-26,66.18000030517578,52.556217193603516,71.12000274658203
2018-10-29,66.97000122070312,51.569732666015625,67.27999877929688
2018-10-30,65.9800033569336,51.8272819519043,68.76000213623047
2018-10-31,67.46399688720703,53.17824935913086,73.44999694824219
2018-11-01,68.85600280761719,53.99465560913086,76.73999786376953
2018-11-02,69.28199768066406,50.41315841674805,77.76000213623047
2018-11-05,68.27999877929688,48.98200225830078,75.01000213623047
2018-11-06,68.21199798583984,49.51169967651367,77.30999755859375
2018-11-07,69.63200378417969,51.013309478759766,82.69000244140625
2018-11-08,70.27999877929688,50.83531951904297,75.2300033569336
2018-11-09,70.10199737548828,49.85513687133789,73.2699966430664
2018-11-12,66.25599670410156,47.34372329711914,69.83000183105469
2018-11-13,67.74600219726562,46.870704650878906,71.8499984741211
2018-11-14,68.80000305175781,45.54672622680664,69.80999755859375
2018-11-15,69.68800354003906,46.67076873779297,73.5999984741211
2018-11-16,70.86199951171875,47.18767547607422,70.58999633789062
2018-11-19,70.69400024414062,45.31753158569336,62.970001220703125
2018-11-20,69.49800109863281,43.152347564697266,61.81999969482422
2018-11-21,67.63800048828125,43.10358810424805,62.619998931884766
2018-11-23,65.16600036621094,42.008811950683594,63.470001220703125
2018-11-26,69.19999694824219,42.57692337036133,66.5199966430664
2018-11-27,68.78399658203125,42.48426818847656,65.87999725341797
2018-11-28,69.5739974975586,44.11790466308594,69.88999938964844
2018-11-29,68.23400115966797,43.77899169921875,69.9000015258789
2018-11-30,70.09600067138672,43.54248046875,69.83999633789062
2018-12-03,71.697998046875,45.06394958496094,71.94999694824219
2018-12-04,71.94000244140625,43.08164596557617,63.5099983215332
2018-12-06,72.61199951171875,42.60131072998047,65.69000244140625
2018-12-07,71.59400177001953,41.082271575927734,60.779998779296875
2018-12-10,73.02999877929688,41.3529167175293,63.380001068115234
2018-12-11,73.35199737548828,41.11640548706055,61.779998779296875
2018-12-12,73.31999969482422,41.23100662231445,63.650001525878906
2018-12-13,75.35800170898438,41.68208312988281,62.900001525878906
2018-12-14,73.14199829101562,40.348350524902344,62.13999938964844
2018-12-17,69.68399810791016,39.972862243652344,58.619998931884766
2018-12-18,67.40599822998047,40.492210388183594,59.91999816894531
2018-12-19,66.59400177001953,39.229183197021484,59.029998779296875
2018-12-20,63.07600021362305,38.239253997802734,55.900001525878906
2018-12-21,63.95399856567383,36.75191116333008,52.5099983215332
2018-12-24,59.077999114990234,35.800994873046875,50.720001220703125
2018-12-26,65.21800231933594,38.3221549987793,55.31999969482422
2018-12-27,63.22600173950195,38.073455810546875,56.150001525878906
2018-12-28,66.77400207519531,38.092960357666016,55.869998931884766
2018-12-31,66.55999755859375,38.46113967895508,56.09000015258789
2019-01-02,62.02399826049805,38.50502395629883,57.20000076293945
2019-01-03,60.071998596191406,34.669639587402344,52.41999816894531
2019-01-04,63.53799819946289,36.149662017822266,58.18000030517578
2019-01-07,66.99199676513672,36.0692024230957,60.720001220703125
2019-01-08,67.06999969482422,36.75679397583008,63.119998931884766
2019-01-09,67.70600128173828,37.380985260009766,65.93000030517578
2019-01-10,68.99400329589844,37.500465393066406,66.0999984741211
2019-01-11,69.4520034790039,37.13228988647461,66.2300033569336
2019-01-14,66.87999725341797,36.57392120361328,65.18000030517578
2019-01-15,68.88600158691406,37.322471618652344,65.95999908447266
2019-01-16,69.20999908447266,37.77842330932617,65.9000015258789
2019-01-17,69.46199798583984,38.00273895263672,68.83999633789062
2019-01-18,60.45199966430664,38.236812591552734,72.23999786376953
2019-01-22,59.784000396728516,37.37855529785156,67.8499984741211
2019-01-23,57.518001556396484,37.52972412109375,69.0999984741211
2019-01-24,58.301998138427734,37.23225402832031,73.94000244140625
2019-01-25,59.40800094604492,38.466007232666016,77.97000122070312
2019-01-28,59.2760009765625,38.11002731323242,76.22000122070312
2019-01-29,59.492000579833984,37.715030670166016,68.55999755859375
2019-01-30,61.75400161743164,40.292266845703125,71.52999877929688
2019-01-31,61.40399932861328,40.582427978515625,71.3499984741211
2019-02-01,62.44200134277344,40.60193634033203,70.80000305175781
2019-02-04,62.577999114990234,41.755226135253906,71.75
2019-02-05,64.2699966430664,42.469642639160156,72.27999877929688
2019-02-06,63.444000244140625,42.48426818847656,72.66999816894531
2019-02-07,61.50199890136719,41.67964553833008,71.94999694824219
2019-02-08,61.15999984741211,41.728614807128906,73.48999786376953
2019-02-11,62.56800079345703,41.48863983154297,74.31999969482422
2019-02-12,62.36199951171875,41.846160888671875,75.58999633789062
2019-02-13,61.63399887084961,41.67229461669922,75.62999725341797
2019-02-14,60.75400161743164,41.824119567871094,75.66999816894531
2019-02-15,61.57600021362305,41.73106002807617,75.63999938964844
2019-02-19,61.12799835205078,41.855953216552734,76.63999938964844
2019-02-20,60.512001037597656,42.12531280517578,75.97000122070312
2019-02-21,58.24599838256836,41.88778305053711,74.43000030517578
2019-02-22,58.94200134277344,42.35549545288086,76.08000183105469
2019-02-25,59.75400161743164,42.66402816772461,77.12999725341797
2019-02-26,59.571998596191406,42.68851089477539,77.94999694824219
2019-02-27,62.948001861572266,42.82074737548828,79.31999969482422
2019-02-28,63.97600173950195,42.39957046508789,81.23999786376953
2019-03-01,58.95800018310547,42.84523391723633,77.45999908447266
2019-03-04,57.071998596191406,43.06071853637695,74.69000244140625
2019-03-05,55.30799865722656,42.982357025146484,76.04000091552734
2019-03-06,55.24800109863281,42.735042572021484,75.13999938964844
2019-03-07,55.31800079345703,42.24039840698242,74.11000061035156
2019-03-08,56.827999114990234,42.340797424316406,74.4000015258789
2019-03-11,58.183998107910156,43.807579040527344,75.52999877929688
2019-03-12,56.672000885009766,44.299774169921875,76.7699966430664
2019-03-13,57.79199981689453,44.49566650390625,77.8499984741211
2019-03-14,57.992000579833984,44.99030303955078,77.37999725341797
2019-03-15,55.08599853515625,45.5755500793457,76.6500015258789
2019-03-18,53.89799880981445,46.04081726074219,75.2300033569336
2019-03-19,53.49399948120117,45.67595291137695,76.80999755859375
2019-03-20,54.720001220703125,46.075096130371094,75.26000213623047
2019-03-21,54.80400085449219,47.772056579589844,78.52999877929688
2019-03-22,52.90599822998047,46.782772064208984,75.08999633789062
2019-03-25,52.08399963378906,46.21711349487305,74.55000305175781
2019-03-26,53.55400085449219,45.739620208740234,73.93000030517578
2019-03-27,54.965999603271484,46.151004791259766,72.97000122070312
2019-03-28,55.7239990234375,46.21221923828125,74.26000213623047
2019-03-29,55.97200012207031,46.5134162902832,74.91999816894531
2019-04-01,57.83599853515625,46.82930374145508,76.31999969482422
2019-04-02,57.17599868774414,47.51003646850586,75.5999984741211
2019-04-03,58.36199951171875,47.835731506347656,77.05000305175781
2019-04-04,53.555999755859375,47.91897201538086,74.5199966430664
2019-04-05,54.992000579833984,48.2397575378418,75.02999877929688
2019-04-08,54.63999938964844,48.998870849609375,75.0
2019-04-09,54.46200180053711,48.8519401550293,74.5999984741211
2019-04-10,55.21200180053711,49.12619400024414,74.73999786376953
2019-04-11,53.683998107910156,48.717262268066406,75.5
2019-04-12,53.540000915527344,48.69766616821289,75.27999877929688
2019-04-15,53.2760009765625,48.78582000732422,74.38999938964844
2019-04-16,54.672000885009766,48.79072189331055,73.48999786376953
2019-04-17,54.24599838256836,49.74082565307617,72.76000213623047
2019-04-18,54.652000427246094,49.919586181640625,70.73999786376953
2019-04-22,52.54999923706055,50.08364486694336,72.58000183105469
2019-04-23,52.779998779296875,50.806026458740234,72.44999694824219
2019-04-24,51.731998443603516,50.727664947509766,71.98999786376953
2019-04-25,49.5260009765625,50.26729965209961,72.6500015258789
2019-04-26,47.02799987792969,50.02732467651367,71.55000305175781
2019-04-29,48.29399871826172,50.10323715209961,72.72000122070312
2019-04-30,47.737998962402344,49.1384391784668,72.81999969482422
2019-05-01,46.801998138427734,51.5504264831543,73.62000274658203
2019-05-02,48.81999969482422,51.21495056152344,67.73999786376953
2019-05-03,51.00600051879883,51.851619720458984,68.5199966430664
2019-05-06,51.06800079345703,51.0508918762207,70.13999938964844
2019-05-07,49.4119987487793,49.67470932006836,68.41999816894531
2019-05-08,48.96799850463867,49.68449783325195,67.25
2019-05-09,48.395999908447266,49.15068435668945,66.38999938964844
2019-05-10,47.90399932861328,48.469783782958984,65.98999786376953
2019-05-13,45.402000427246094,45.652740478515625,62.38999938964844
2019-05-14,46.46200180053711,46.37543487548828,64.11000061035156
2019-05-15,46.38999938964844,46.930973052978516,65.2300033569336
2019-05-16,45.66600036621094,46.724491119384766,66.4000015258789
2019-05-17,42.20600128173828,46.45901107788086,65.30999755859375
2019-05-20,41.071998596191406,45.006248474121094,64.38999938964844
2019-05-21,41.01599884033203,45.869056701660156,65.91999816894531
2019-05-22,38.54600143432617,44.93004608154297,66.45999908447266
2019-05-23,39.097999572753906,44.16310119628906,63.75
2019-05-24,38.125999450683594,43.99348831176758,64.66000366210938
2019-05-28,37.7400016784668,43.81158447265625,65.81999969482422
2019-05-29,37.97200012207031,43.60264205932617,63.22999954223633
2019-05-30,37.64400100708008,43.828792572021484,63.66999816894531
2019-05-31,37.03200149536133,43.03481674194336,61.95000076293945
2019-06-03,35.79399871826172,42.5997200012207,60.619998931884766
2019-06-04,38.720001220703125,44.15818405151367,63.38999938964844
2019-06-05,39.31800079345703,44.87104415893555,64.93000030517578
2019-06-06,41.189998626708984,45.52982711791992,65.7699966430664
2019-06-07,40.900001525878906,46.74169921875,68.45999908447266
2019-06-10,42.57600021362305,47.33903121948242,70.37000274658203
2019-06-11,43.41999816894531,47.8871955871582,70.18000030517578
2019-06-12,41.85200119018555,47.73478698730469,70.45999908447266
2019-06-13,42.78200149536133,47.72495651245117,72.18000030517578
2019-06-14,42.98400115966797,47.37836837768555,71.58999633789062
2019-06-17,45.00600051879883,47.66104507446289,72.20999908447266
2019-06-18,44.948001861572266,48.78196716308594,71.81999969482422
2019-06-19,45.2859992980957,48.63938903808594,72.66000366210938
2019-06-20,43.92399978637695,49.030235290527344,74.41999816894531
2019-06-21,44.37200164794922,48.86307907104492,72.87000274658203
2019-06-24,44.72800064086914,48.81391906738281,72.70999908447266
2019-06-25,43.95199966430664,48.07402038574219,69.87000274658203
2019-06-26,43.854000091552734,49.11381149291992,69.94999694824219
2019-06-27,44.56800079345703,49.099063873291016,71.27999877929688
2019-06-28,44.69200134277344,48.65167999267578,72.52999877929688
2019-07-01,45.433998107910156,49.543983459472656,73.19999694824219
2019-07-02,44.90999984741211,49.834049224853516,73.97000122070312
2019-07-03,46.97999954223633,50.24702072143555,74.26000213623047
2019-07-05,46.619998931884766,50.20277404785156,74.30999755859375
2019-07-08,46.06800079345703,49.16789245605469,73.43000030517578
2019-07-09,46.012001037597656,49.4677848815918,77.95999908447266
2019-07-10,47.784000396728516,49.95695495605469,78.37000274658203
2019-07-11,47.720001220703125,49.59315490722656,79.44000244140625
2019-07-12,49.01599884033203,49.97416305541992,82.27999877929688
2019-07-15,50.70000076293945,50.44367980957031,82.16999816894531
2019-07-16,50.47600173950195,50.269142150878906,80.58999633789062
2019-07-17,50.97200012207031,49.9864616394043,80.87000274658203
2019-07-18,50.70800018310547,50.554290771484375,81.05999755859375
2019-07-19,51.63600158691406,49.79964065551758,78.51000213623047
2019-07-22,51.13600158691406,50.9377555847168,78.56999969482422
2019-07-23,52.034000396728516,51.335975646972656,78.83999633789062
2019-07-24,52.97600173950195,51.294189453125,80.43000030517578
2019-07-25,45.763999938964844,50.88859939575195,80.0199966430664
2019-07-26,45.608001708984375,51.06558609008789,81.80999755859375
2019-07-29,47.15399932861328,51.54246139526367,80.19999694824219
2019-07-30,48.45199966430664,51.321231842041016,80.48999786376953
2019-07-31,48.321998596191406,52.3683967590332,80.41000366210938
2019-08-01,46.77000045776367,51.235191345214844,80.9800033569336
2019-08-02,46.86800003051758,50.15115737915039,69.5999984741211
2019-08-05,45.66400146484375,47.52585220336914,64.8499984741211
2019-08-06,46.150001525878906,48.42552947998047,64.5999984741211
2019-08-07,46.683998107910156,48.92699432373047,65.0
2019-08-08,47.65999984741211,50.00612258911133,66.2699966430664
2019-08-09,47.00199890136719,49.594051361083984,65.01000213623047
2019-08-12,45.801998138427734,49.46820831298828,62.29999923706055
2019-08-13,47.0,51.563106536865234,63.0
2019-08-14,43.92399978637695,50.02832794189453,61.54999923706055
2019-08-15,43.12799835205078,49.779109954833984,62.0
2019-08-16,43.987998962402344,50.953636169433594,62.869998931884766
2019-08-19,45.36600112915039,51.90362548828125,64.08000183105469
2019-08-20,45.172000885009766,51.906089782714844,64.37000274658203
2019-08-21,44.16600036621094,52.46867752075195,65.41000366210938
2019-08-22,44.43000030517578,52.42426300048828,64.68000030517578
2019-08-23,42.279998779296875,50.00118637084961,61.779998779296875
2019-08-26,43.0,50.951171875,62.79999923706055
2019-08-27,42.816001892089844,50.376243591308594,61.75
2019-08-28,43.11800003051758,50.714290618896484,62.150001525878906
2019-08-29,44.34199905395508,51.572975158691406,62.84000015258789
2019-08-30,45.12200164794922,51.50635528564453,61.84000015258789
2019-09-03,45.00199890136719,50.75623321533203,61.130001068115234
2019-09-04,44.13600158691406,51.61738967895508,61.16999816894531
2019-09-05,45.91600036621094,52.62659454345703,63.02000045776367
2019-09-06,45.4900016784668,52.62165832519531,62.0
2019-09-09,46.358001708984375,52.84619903564453,61.470001220703125
2019-09-10,47.108001708984375,53.4704704284668,60.54999923706055
2019-09-11,49.41999816894531,55.170570373535156,59.20000076293945
2019-09-12,49.17399978637695,55.04719543457031,57.790000915527344
2019-09-13,49.040000915527344,53.97630310058594,58.290000915527344
2019-09-16,48.5620002746582,54.26007080078125,59.25
2019-09-17,48.95800018310547,54.45746994018555,59.599998474121094
2019-09-18,48.698001861572266,54.96823501586914,59.75
2019-09-19,49.31999969482422,54.52162551879883,59.029998779296875
2019-09-20,48.124000549316406,53.72462463378906,57.849998474121094
2019-09-23,48.24599838256836,53.96890640258789,56.7599983215332
2019-09-24,44.641998291015625,53.712284088134766,57.5
2019-09-25,45.7400016784668,54.53889846801758,58.5099983215332
2019-09-26,48.512001037597656,54.25760269165039,60.79999923706055
2019-09-27,48.42599868774414,53.993587493896484,60.75
2019-09-30,48.17399978637695,55.264339447021484,61.95000076293945
2019-10-01,48.9379997253418,55.417320251464844,61.630001068115234
2019-10-02,48.625999450683594,54.02812576293945,60.08000183105469
2019-10-03,46.60599899291992,54.48707962036133,62.04999923706055
2019-10-04,46.2859992980957,56.01445388793945,62.650001525878906
2019-10-07,47.54399871826172,56.02679443359375,62.25
2019-10-08,48.0099983215332,55.37043762207031,60.79999923706055
2019-10-09,48.90599822998047,56.01939010620117,62.220001220703125
2019-10-10,48.948001861572266,56.774444580078125,62.029998779296875
2019-10-11,49.577999114990234,58.2845458984375,61.540000915527344
2019-10-14,51.391998291015625,58.200645446777344,61.83000183105469
2019-10-15,51.577999114990234,58.06494140625,64.29000091552734
2019-10-16,51.95000076293945,57.830528259277344,63.0
2019-10-17,52.39400100708008,58.0550651550293,63.400001525878906
2019-10-18,51.38999938964844,58.333900451660156,60.45000076293945
2019-10-21,50.70000076293945,59.34556198120117,61.150001525878906
2019-10-22,51.11600112915039,59.20985794067383,58.83000183105469
2019-10-23,50.93600082397461,60.0043830871582,58.36000061035156
2019-10-24,59.93600082397461,60.10308074951172,61.720001220703125
2019-10-25,65.6259994506836,60.84333419799805,62.88999938964844
2019-10-28,65.54199981689453,61.452796936035156,62.79999923706055
2019-10-29,63.24399948120117,60.03152847290039,62.40999984741211
2019-10-30,63.00199890136719,60.02412414550781,62.15999984741211
2019-10-31,62.98400115966797,61.38124084472656,61.43000030517578
2019-11-01,62.6619987487793,63.123294830322266,62.599998474121094
2019-11-04,63.49399948120117,63.53782653808594,62.380001068115234
2019-11-05,63.444000244140625,63.446533203125,61.060001373291016
2019-11-06,65.31600189208984,63.47367477416992,61.34000015258789
2019-11-07,67.10800170898438,64.20624542236328,64.41000366210938
2019-11-08,67.4280014038086,64.3819580078125,62.45000076293945
2019-11-11,69.01799774169922,64.89179229736328,63.790000915527344
2019-11-12,69.98600006103516,64.83238220214844,61.540000915527344
2019-11-13,69.22200012207031,65.4535903930664,61.5099983215332
2019-11-14,69.87000274658203,65.00069427490234,62.9900016784668
2019-11-15,70.43399810791016,65.7728500366211,64.69999694824219
2019-11-18,69.99800109863281,66.1044921875,65.73999786376953
2019-11-19,71.90399932861328,65.90401458740234,66.37000274658203
2019-11-20,70.44400024414062,65.13680267333984,67.16999816894531
2019-11-21,70.96600341796875,64.84477233886719,67.41999816894531
2019-11-22,66.60800170898438,64.78783416748047,67.75
2019-11-25,67.26799774169922,65.92381286621094,68.25
2019-11-26,65.78399658203125,65.4090347290039,68.94000244140625
2019-11-27,66.25800323486328,66.28763580322266,69.6500015258789
2019-11-29,65.98799896240234,66.1416015625,69.12000274658203
2019-12-02,66.9739990234375,65.37686920166016,66.87999725341797
2019-12-03,67.23999786376953,64.21118927001953,67.04000091552734
2019-12-04,66.60600280761719,64.77793884277344,67.77999877929688
2019-12-05,66.0739974975586,65.7282943725586,67.13999938964844
2019-12-06,67.1780014038086,66.9979248046875,67.9800033569336
2019-12-09,67.90599822998047,66.05994415283203,67.05999755859375
2019-12-10,69.76799774169922,66.4460220336914,65.83999633789062
2019-12-11,70.54000091552734,67.01276397705078,65.75
2019-12-12,71.93599700927734,67.18354797363281,65.86000061035156
2019-12-13,71.6780014038086,68.09677124023438,64.80000305175781
2019-12-16,76.30000305175781,69.26245880126953,66.52999877929688
2019-12-17,75.7979965209961,69.39857482910156,65.55000305175781
2019-12-18,78.62999725341797,69.23274993896484,65.13999938964844
2019-12-19,80.80799865722656,69.30204772949219,64.55000305175781
2019-12-20,81.11799621582031,69.15850830078125,63.630001068115234
2019-12-23,83.84400177001953,70.28706359863281,62.79999923706055
2019-12-24,85.05000305175781,70.3538818359375,63.959999084472656
2019-12-26,86.18800354003906,71.7497329711914,64.02999877929688
2019-12-27,86.07599639892578,71.72248840332031,63.79999923706055
2019-12-30,82.94000244140625,72.14817810058594,61.79999923706055
2019-12-31,83.66600036621094,72.67533874511719,62.560001373291016
2020-01-02,86.052001953125,74.33351135253906,63.83000183105469
2020-01-03,88.60199737548828,73.61083984375,63.0
2020-01-06,90.30799865722656,74.19739532470703,62.56999969482422
2020-01-07,93.81199645996094,73.84844207763672,64.58999633789062
2020-01-08,98.4280014038086,75.03638458251953,67.5999984741211
2020-01-09,96.26799774169922,76.63021850585938,67.93000030517578
2020-01-10,95.62999725341797,76.80345916748047,67.98999786376953
2020-01-13,104.97200012207031,78.44432067871094,68.66000366210938
2020-01-14,107.58399963378906,77.38506317138672,68.16999816894531
2020-01-15,103.69999694824219,77.05342864990234,70.36000061035156
2020-01-16,102.697998046875,78.01863098144531,69.5199966430664
2020-01-17,102.0999984741211,78.88236999511719,69.37999725341797
2020-01-21,109.44000244140625,78.3478012084961,68.30999755859375
2020-01-22,113.91200256347656,78.6274642944336,68.69000244140625
2020-01-23,114.44000244140625,79.00611877441406,69.29000091552734
2020-01-24,112.96399688720703,78.77843475341797,71.13999938964844
2020-01-27,111.60399627685547,76.46192932128906,71.05000305175781
2020-01-28,113.37999725341797,78.62499237060547,74.80000305175781
2020-01-29,116.197998046875,80.27079010009766,76.16000366210938
2020-01-30,128.16200256347656,80.15447235107422,76.0999984741211
2020-01-31,130.11399841308594,76.60051727294922,74.69000244140625
2020-02-03,156.0,76.3901596069336,79.80000305175781
2020-02-04,177.41200256347656,78.91207885742188,80.9000015258789
2020-02-05,146.94000244140625,79.55554962158203,78.25
2020-02-06,149.79200744628906,80.4861068725586,78.51000213623047
2020-02-07,149.61399841308594,79.39208984375,78.86000061035156
2020-02-10,154.25599670410156,79.7691650390625,80.16999816894531
2020-02-11,154.87600708007812,79.28788757324219,79.87999725341797
2020-02-12,153.45799255371094,81.1707992553711,80.0
2020-02-13,160.8000030517578,80.5927734375,80.98999786376953
2020-02-14,160.00599670410156,80.61262512207031,81.86000061035156
2020-02-18,171.67999267578125,79.13656616210938,82.41999816894531
2020-02-19,183.48399353027344,80.28268432617188,85.23999786376953
2020-02-20,179.8820037841797,79.45906829833984,85.69999694824219
2020-02-21,180.1999969482422,77.66050720214844,83.48999786376953
2020-02-24,166.75799560546875,73.97160339355469,80.20999908447266
2020-02-25,159.98199462890625,71.46601867675781,77.05000305175781
2020-02-26,155.75999450683594,72.59973907470703,76.58999633789062
2020-02-27,135.8000030517578,67.85401916503906,79.30999755859375
2020-02-28,133.59800720214844,67.8143310546875,83.33000183105469
2020-03-02,148.7239990234375,74.12789154052734,80.66999816894531
2020-03-03,149.1020050048828,71.77363586425781,78.83999633789062
2020-03-04,149.89999389648438,75.10282897949219,79.26000213623047
2020-03-05,144.9080047607422,72.6667251586914,76.31999969482422
2020-03-06,140.6959991455078,71.70170593261719,73.08999633789062
2020-03-09,121.5999984741211,66.03065490722656,65.7300033569336
2020-03-10,129.0659942626953,70.78630065917969,67.23999786376953
2020-03-11,126.84600067138672,68.3278579711914,62.439998626708984
2020-03-12,112.11000061035156,61.58015823364258,53.56999969482422
2020-03-13,109.3239974975586,68.95796966552734,57.77000045776367
2020-03-16,89.01399993896484,60.08673095703125,41.27000045776367
2020-03-17,86.04000091552734,62.72875213623047,44.72999954223633
2020-03-18,72.24400329589844,61.19315719604492,39.5
2020-03-19,85.52799987792969,60.72429275512695,40.0
2020-03-20,85.50599670410156,56.869178771972656,38.09000015258789
2020-03-23,86.85800170898438,55.661041259765625,40.0099983215332
2020-03-24,101.0,61.24525833129883,46.310001373291016
2020-03-25,107.8499984741211,60.90787124633789,52.38999938964844
2020-03-26,105.63200378417969,64.11302947998047,56.029998779296875
2020-03-27,102.87200164794922,61.45860290527344,53.34000015258789
2020-03-30,100.4260025024414,63.212501525878906,55.0
2020-03-31,104.80000305175781,63.08350372314453,52.380001068115234
2020-04-01,96.31199645996094,59.76424026489258,46.810001373291016
2020-04-02,90.89399719238281,60.76150131225586,45.880001068115234
2020-04-03,96.00199890136719,59.888275146484375,43.720001220703125
2020-04-06,103.24800109863281,65.1127700805664,50.41999816894531
2020-04-07,109.08999633789062,64.35862731933594,50.310001373291016
2020-04-08,109.76799774169922,66.00585174560547,57.040000915527344
2020-04-09,114.5999984741211,66.4821548461914,59.209999084472656
2020-04-13,130.19000244140625,67.78704071044922,59.41999816894531
2020-04-14,141.97799682617188,71.21049499511719,62.40999984741211
2020-04-15,145.96600341796875,70.56053924560547,61.380001068115234
2020-04-16,149.04200744628906,71.12120056152344,57.31999969482422
2020-04-17,150.7779998779297,70.15617370605469,61.09000015258789
2020-04-20,149.27200317382812,68.6999740600586,61.060001373291016
2020-04-21,137.343994140625,66.57642364501953,57.400001525878906
2020-04-22,146.4219970703125,68.49406433105469,60.959999084472656
2020-04-23,141.12600708007812,68.22862243652344,61.81999969482422
2020-04-24,145.02999877929688,70.19834899902344,62.0099983215332
2020-04-27,159.75,70.24797058105469,63.54999923706055
2020-04-28,153.82400512695312,69.10929870605469,61.75
2020-04-29,160.1020050048828,71.37919616699219,65.7699966430664
2020-04-30,156.37600708007812,72.88502502441406,65.13999938964844
2020-05-01,140.26400756835938,71.71163177490234,63.0
2020-05-04,152.23800659179688,72.72626495361328,63.689998626708984
2020-05-05,153.64199829101562,73.81780242919922,66.69000244140625
2020-05-06,156.51600646972656,74.57939147949219,68.0999984741211
2020-05-07,156.00799560546875,75.35091400146484,74.62000274658203
2020-05-08,163.88400268554688,77.14439392089844,76.05000305175781
2020-05-11,162.25799560546875,78.35828399658203,74.9000015258789
2020-05-12,161.8820037841797,77.4627914428711,75.20999908447266
2020-05-13,158.19200134277344,76.52749633789062,73.79000091552734
2020-05-14,160.66600036621094,76.99763488769531,78.19999694824219
2020-05-15,159.83399963378906,76.54241180419922,80.26000213623047
2020-05-18,162.7259979248047,78.3458480834961,76.62999725341797
2020-05-19,161.6020050048828,77.89312744140625,79.25
2020-05-20,163.11199951171875,79.40800476074219,82.04000091552734
2020-05-21,165.52000427246094,78.81597900390625,81.48999786376953
2020-05-22,163.37600708007812,79.32343292236328,81.48999786376953
2020-05-26,163.7740020751953,78.7861328125,80.79000091552734
2020-05-27,164.04600524902344,79.12940216064453,81.0199966430664
2020-05-28,161.16200256347656,79.16423034667969,79.62000274658203
2020-05-29,167.0,79.08712005615234,81.08000183105469
2020-06-01,179.6199951171875,80.05972290039062,82.72000122070312
2020-06-02,176.31199645996094,80.43035125732422,88.0
2020-06-03,176.5919952392578,80.87313079833984,91.97000122070312
2020-06-04,172.87600708007812,80.1766357421875,87.72000122070312
2020-06-05,177.1320037841797,82.46015167236328,89.93000030517578
2020-06-08,189.98399353027344,82.94768524169922,89.62000274658203
2020-06-09,188.13400268554688,85.56700897216797,89.52999877929688
2020-06-10,205.00999450683594,87.76844024658203,91.91000366210938
2020-06-11,194.5679931640625,83.55464172363281,86.08999633789062
2020-06-12,187.05599975585938,84.27600860595703,86.72000122070312
2020-06-15,198.17999267578125,85.3182601928711,91.0
2020-06-16,196.42599487304688,87.57939147949219,94.73999786376953
2020-06-17,198.35800170898438,87.45750427246094,97.02999877929688
2020-06-18,200.79200744628906,87.4923324584961,98.2699966430664
2020-06-19,200.17999267578125,86.99234771728516,97.9800033569336
2020-06-22,198.86399841308594,89.26839447021484,104.22000122070312
2020-06-23,200.3560028076172,91.1738052368164,104.75
2020-06-24,192.1699981689453,89.56440734863281,100.87999725341797
2020-06-25,197.1959991455078,90.75342559814453,104.77999877929688
2020-06-26,191.947998046875,87.96495056152344,104.30000305175781
2020-06-29,201.8699951171875,89.99225616455078,103.68000030517578
2020-06-30,215.96200561523438,90.74346923828125,104.94000244140625
2020-07-01,223.92599487304688,90.57183837890625,115.9000015258789
2020-07-02,241.73199462890625,90.57183837890625,113.38999938964844
2020-07-06,274.3160095214844,92.9946517944336,118.97000122070312
2020-07-07,277.97198486328125,92.70609283447266,125.5999984741211
2020-07-08,273.1759948730469,94.865234375,133.35000610351562
2020-07-09,278.8559875488281,95.273193359375,129.38999938964844
2020-07-10,308.92999267578125,95.4398422241211,128.0500030517578
2020-07-13,299.4119873046875,94.99955749511719,118.6500015258789
2020-07-14,303.3599853515625,96.5716552734375,121.23999786376953
2020-07-15,309.2019958496094,97.23580932617188,122.19999694824219
2020-07-16,300.12799072265625,96.0393295288086,119.94999694824219
2020-07-17,300.1679992675781,95.84529876708984,120.7300033569336
2020-07-20,328.6000061035156,97.86514282226562,128.38999938964844
2020-07-21,313.6719970703125,96.51444244384766,126.98999786376953
2020-07-22,318.46600341796875,96.78556823730469,129.17999267578125
2020-07-23,302.614013671875,92.38023376464844,122.93000030517578
2020-07-24,283.3999938964844,92.15138244628906,121.41000366210938
2020-07-27,307.9200134277344,94.33539581298828,125.75
2020-07-28,295.2980041503906,92.78570556640625,123.51000213623047
2020-07-29,299.8219909667969,94.56424713134766,128.5500030517578
2020-07-30,297.49798583984375,95.70849609375,129.1300048828125
2020-07-31,286.1520080566406,105.72808837890625,129.85000610351562
2020-08-03,297.0,108.39218139648438,134.8000030517578
2020-08-04,297.3999938964844,109.11604309082031,136.8300018310547
2020-08-05,297.0039978027344,109.51155090332031,146.5500030517578
2020-08-06,297.9159851074219,113.33232879638672,154.0
2020-08-07,290.5419921875,110.7556381225586,147.22000122070312
2020-08-10,283.7139892578125,112.36544799804688,139.33999633789062
2020-08-11,274.87799072265625,109.0237045288086,138.25
2020-08-12,310.9519958496094,112.64704132080078,139.02000427246094
2020-08-13,324.20001220703125,114.64060974121094,143.19000244140625
2020-08-14,330.1419982910156,114.53844451904297,141.9600067138672
2020-08-17,367.12799072265625,114.2394027709961,152.47999572753906
2020-08-18,377.4179992675781,115.19133758544922,151.0399932861328
2020-08-19,375.70599365234375,115.33586883544922,150.3699951171875
2020-08-20,400.3659973144531,117.89512634277344,155.86000061035156
2020-08-21,409.9960021972656,123.97055053710938,155.10000610351562
2020-08-24,402.8399963378906,125.4532699584961,151.7899932861328
2020-08-25,404.6679992675781,124.42408752441406,155.0
2020-08-26,430.6340026855469,126.11613464355469,153.74000549316406
2020-08-27,447.75,124.6084976196289,155.61000061035156
2020-08-28,442.67999267578125,124.40664672851562,155.92999267578125
2020-08-31,498.32000732421875,128.62554931640625,159.55999755859375
2020-09-01,475.04998779296875,133.74903869628906,166.66000366210938
2020-09-02,447.3699951171875,130.97796630859375,162.8800048828125
2020-09-03,407.0,120.49175262451172,152.86000061035156
2020-09-04,418.32000732421875,120.57150268554688,146.38999938964844
2020-09-08,330.2099914550781,112.45764923095703,139.11000061035156
2020-09-09,366.2799987792969,116.94319152832031,144.2100067138672
2020-09-10,371.3399963378906,113.12549591064453,141.07000732421875
2020-09-11,372.7200012207031,111.6402816772461,137.4499969482422
2020-09-14,419.6199951171875,114.98948669433594,144.39999389648438
2020-09-15,449.760009765625,115.16891479492188,154.5
2020-09-16,441.760009765625,111.76985931396484,151.0500030517578
2020-09-17,423.42999267578125,109.98561096191406,145.63999938964844
2020-09-18,442.1499938964844,106.4968490600586,145.00999450683594
2020-09-21,449.3900146484375,109.72644805908203,151.1199951171875
2020-09-22,424.2300109863281,111.45088195800781,155.58999633789062
2020-09-23,380.3599853515625,106.77596282958984,149.58999633789062
2020-09-24,387.7900085449219,107.87242126464844,152.30999755859375
2020-09-25,407.3399963378906,111.91937255859375,157.72000122070312
2020-09-28,421.20001220703125,114.59076690673828,160.75999450683594
2020-09-29,419.07000732421875,113.72356414794922,164.80999755859375
2020-09-30,429.010009765625,115.43804168701172,162.5500030517578
2020-10-01,448.1600036621094,116.4148941040039,168.49000549316406
2020-10-02,415.0899963378906,112.6570053100586,169.61000061035156
2020-10-05,425.67999267578125,116.12582397460938,180.9199981689453
2020-10-06,413.9800109863281,112.79655456542969,175.33999633789062
2020-10-07,425.29998779296875,114.71038818359375,180.17999267578125
2020-10-08,425.9200134277344,114.60073852539062,183.5
2020-10-09,434.0,116.59431457519531,187.27999877929688
2020-10-12,442.29998779296875,124.00045776367188,185.1699981689453
2020-10-13,446.6499938964844,120.71104431152344,190.47000122070312
2020-10-14,461.29998779296875,120.80076599121094,187.49000549316406
2020-10-15,448.8800048828125,120.32230377197266,188.60000610351562
2020-10-16,439.6700134277344,118.63772583007812,186.35000610351562
2020-10-19,430.8299865722656,115.60749816894531,186.9600067138672
2020-10-20,421.94000244140625,117.1325912475586,185.74000549316406
2020-10-21,422.6400146484375,116.49464416503906,177.82000732421875
2020-10-22,425.7900085449219,115.37823486328125,175.92999267578125
2020-10-23,420.6300048828125,114.67051696777344,176.77000427246094
2020-10-26,420.2799987792969,114.68048858642578,169.88999938964844
2020-10-27,424.67999267578125,116.22550964355469,171.02000427246094
2020-10-28,406.0199890136719,110.84284973144531,167.1300048828125
2020-10-29,410.8299865722656,114.94961547851562,169.86000061035156
2020-10-30,388.0400085449219,108.51036071777344,154.8800048828125
2020-11-02,400.510009765625,108.420654296875,155.22999572753906
2020-11-03,423.8999938964844,110.08528900146484,158.2100067138672
2020-11-04,420.9800109863281,114.58080291748047,171.2899932861328
2020-11-05,438.0899963378906,118.64769744873047,175.22999572753906
2020-11-06,429.95001220703125,118.51290893554688,198.0800018310547
2020-11-09,421.260009765625,116.14643859863281,184.0800018310547
2020-11-10,410.3599853515625,115.79696655273438,172.0
2020-11-11,417.1300048828125,119.31170654296875,183.4199981689453
2020-11-12,411.760009765625,119.0321273803711,178.50999450683594
2020-11-13,408.5,119.0820541381836,177.19000244140625
2020-11-16,408.0899963378906,120.1205062866211,179.16000366210938
2020-11-17,441.6099853515625,119.21186065673828,187.89999389648438
2020-11-18,486.6400146484375,117.85388946533203,185.5399932861328
2020-11-19,499.2699890136719,118.46298217773438,191.66000366210938
2020-11-20,489.6099853515625,117.1649169921875,195.97000122070312
2020-11-23,521.8499755859375,113.68012237548828,207.77999877929688
2020-11-24,555.3800048828125,114.99815368652344,202.89999389648438
2020-11-25,574.0,115.85687255859375,212.9199981689453
2020-11-27,585.760009765625,116.41603088378906,212.52000427246094
2020-11-30,567.5999755859375,118.87236785888672,210.9600067138672
2020-12-01,584.760009765625,122.53689575195312,203.0
2020-12-02,568.8200073242188,122.89635467529297,202.0
2020-12-03,593.3800048828125,122.7565689086914,205.52999877929688
2020-12-04,599.0399780273438,122.06759643554688,208.14999389648438
2020-12-07,641.760009765625,123.56535339355469,212.5800018310547
2020-12-08,649.8800048828125,124.19441223144531,213.00999450683594
2020-12-09,604.47998046875,121.5982894897461,207.0399932861328
2020-12-10,627.0700073242188,123.05611419677734,217.25
2020-12-11,609.989990234375,122.22735595703125,216.58999633789062
2020-12-14,639.8300170898438,121.5982894897461,215.86000061035156
2020-12-15,633.25,127.6891860961914,219.99000549316406
2020-12-16,622.77001953125,127.61929321289062,227.0800018310547
2020-12-17,655.9000244140625,128.50796508789062,230.74000549316406
2020-12-18,695.0,126.47101593017578,235.4499969482422
2020-12-21,649.8599853515625,128.03866577148438,233.5
2020-12-22,640.3400268554688,131.6832275390625,241.5800018310547
2020-12-23,645.97998046875,130.7646026611328,230.67999267578125
2020-12-24,661.77001953125,131.77308654785156,228.27999877929688
2020-12-28,663.6900024414062,136.48605346679688,223.33999633789062
2020-12-29,665.989990234375,134.66876220703125,214.0
2020-12-30,694.780029296875,133.52047729492188,221.0399932861328
2020-12-31,705.6699829101562,132.4920196533203,217.63999938964844
2021-01-04,729.77001953125,129.2169189453125,221.16000366210938
2021-01-05,735.1099853515625,130.81451416015625,229.75
2021-01-06,755.97998046875,126.41110229492188,226.88999938964844
2021-01-07,816.0399780273438,130.7246551513672,239.47999572753906
2021-01-08,880.02001953125,131.85296630859375,241.4499969482422
2021-01-11,811.1900024414062,128.7875518798828,225.5
2021-01-12,849.4400024414062,128.60781860351562,227.52000427246094
2021-01-13,854.4099731445312,130.6947021484375,230.9199981689453
2021-01-14,845.0,128.71766662597656,232.7899932861328
2021-01-15,826.1599731445312,126.9502944946289,227.75
2021-01-19,844.5499877929688,127.63926696777344,227.25999450683594
2021-01-20,850.4500122070312,131.83299255371094,226.64999389648438
2021-01-21,844.989990234375,136.665771484375,219.6199951171875
2021-01-22,846.6400146484375,138.8625030517578,222.8800048828125
2021-01-25,880.7999877929688,142.70675659179688,216.63999938964844
2021-01-26,883.0900268554688,142.94639587402344,209.1699981689453
2021-01-27,864.1599731445312,141.84803771972656,202.4600067138672
2021-01-28,835.4299926757812,136.8854522705078,219.91000366210938
2021-01-29,793.530029296875,131.7631072998047,215.9600067138672
2021-02-01,839.8099975585938,133.93984985351562,221.94000244140625
2021-02-02,872.7899780273438,134.78858947753906,227.6300048828125
2021-02-03,854.6900024414062,133.7401580810547,227.94000244140625
2021-02-04,849.989990234375,137.18499755859375,237.72000122070312
2021-02-05,852.22998046875,136.75999450683594,240.3800048828125
2021-02-08,863.4199829101562,136.91000366210938,259.9700012207031
2021-02-09,849.4600219726562,136.00999450683594,258.1199951171875
2021-02-10,804.8200073242188,135.38999938964844,257.489990234375
2021-02-11,811.6599731445312,135.1300048828125,265.92999267578125
2021-02-12,816.1199951171875,135.3699951171875,272.75
2021-02-16,796.219970703125,133.19000244140625,276.0199890136719
2021-02-17,798.1500244140625,130.83999633789062,270.94000244140625
2021-02-18,787.3800048828125,129.7100067138672,270.8500061035156
2021-02-19,781.2999877929688,129.8699951171875,276.57000732421875
2021-02-22,714.5,126.0,268.0799865722656
2021-02-23,706.6500244140625,126.49700164794922,259.1000061035156
